{
  "performance": {
    "train_f1": 0.8049619938275491,
    "test_f1": 0.5039295017336338,
    "train_accuracy": 0.8470923803779654,
    "test_accuracy": 0.6436340371081254,
    "cv_score": 0.5391506283854346,
    "overfitting_gap": 0.30103249209391525
  },
  "confusion_matrix": [
    [
      782,
      746,
      52
    ],
    [
      1655,
      7490,
      1746
    ],
    [
      57,
      757,
      782
    ]
  ],
  "classification_report": {
    "Strong_Sell": {
      "precision": 0.31355252606255013,
      "recall": 0.49493670886075947,
      "f1-score": 0.38389788905252825,
      "support": 1580.0
    },
    "Hold": {
      "precision": 0.8328700100077838,
      "recall": 0.6877238086493435,
      "f1-score": 0.7533695433514384,
      "support": 10891.0
    },
    "Strong_Buy": {
      "precision": 0.30310077519379847,
      "recall": 0.4899749373433584,
      "f1-score": 0.37452107279693486,
      "support": 1596.0
    },
    "accuracy": 0.6436340371081254,
    "macro avg": {
      "precision": 0.48317443708804414,
      "recall": 0.5575451516178205,
      "f1-score": 0.5039295017336338,
      "support": 14067.0
    },
    "weighted avg": {
      "precision": 0.7144344286189598,
      "recall": 0.6436340371081254,
      "f1-score": 0.6688876088382325,
      "support": 14067.0
    }
  },
  "feature_count": 28,
  "data_shape": {
    "train_val": [
      79584,
      28
    ],
    "test": [
      14067,
      28
    ]
  }
}