{
  "MA_2": 0.003743245732039213,
  "MA_4": 0.0037963713984936476,
  "MA_6": 0.003917024936527014,
  "MA_8": 0.0038699426222592592,
  "MA_13": 0.0041653988882899284,
  "MA_16": 0.004728440195322037,
  "MA_20": 0.004055985249578953,
  "MA_25": 0.00496495608240366,
  "MA_29": 0.004534700885415077,
  "MA_60": 0.004906392190605402,
  "MA_100": 0.004896991886198521,
  "MA_120": 0.004534785635769367,
  "MA_200": 0.004523782059550285,
  "EMA_3": 0.004778865724802017,
  "EMA_4": 0.004780249670147896,
  "EMA_5": 0.0046016559936106205,
  "EMA_6": 0.004547320306301117,
  "EMA_7": 0.0046839467249810696,
  "EMA_10": 0.004718001466244459,
  "EMA_12": 0.004705129656940699,
  "EMA_20": 0.005165947135537863,
  "EMA_24": 0.005025045946240425,
  "EMA_50": 0.005007517524063587,
  "MACD": 0.0042654480785131454,
  "MACD_10_20": 0.004377288278192282,
  "MACD_10_20_Signal": 0.0052347914315760136,
  "MACD_15_26_Signal": 0.005220634397119284,
  "MACD_5_27": 0.0044302549213171005,
  "MACD_5_27_Signal": 0.0048181526362895966,
  "RSI_6": 0.0044753458350896835,
  "RSI_7": 0.004437228199094534,
  "RSI_12": 0.004388819914311171,
  "RSI_14": 0.004426086321473122,
  "BB_Middle_20": 0.004805932752788067,
  "BB_Position_20": 0.004976336844265461,
  "Return_30d": 0.00440293550491333,
  "Return_180d": 0.0043761166743934155,
  "Return_365d": 0.0044357022270560265,
  "Cumulative_Return": 0.005471226759254932,
  "Volatility_7d": 0.007481387350708246,
  "Volatility_14d": 0.007355459500104189,
  "Volatility_30d": 0.006378512363880873,
  "Volatility_90d": 0.0050546699203550816,
  "Volume_MA_7": 0.004641471430659294,
  "Volume_MA_50": 0.004896247293800116,
  "Volume_Ratio": 0.0041668652556836605,
  "Volume_Price_Trend": 0.0043256026692688465,
  "ATR_Percent_14": 0.0061689093708992004,
  "Stoch_D_1": 0.004654410295188427,
  "Stoch_K_3": 0.007121316622942686,
  "Stoch_D_4": 0.004670267924666405,
  "Stoch_K_5": 0.004755366127938032,
  "Stoch_D_5": 0.004429485648870468,
  "Williams_R_8": 0.004729519132524729,
  "CCI_3": 0.007031161803752184,
  "CCI_10": 0.004612707067281008,
  "CCI_17": 0.004365786910057068,
  "CCI_20": 0.004445317201316357,
  "MFI_11": 0.00421111797913909,
  "MFI_14": 0.004165852442383766,
  "OSCP_11_36": 0.004266458097845316,
  "OSCP_18_19": 0.0043349196203053,
  "OSCP_19_20": 0.004298025276511908,
  "TR": 0.005149666219949722,
  "DM_Plus": 0.006451418623328209,
  "DM_Minus": 0.009903308935463428,
  "DI_Plus_21": 0.004364329390227795,
  "DI_Minus_21": 0.00473017105832696,
  "Price_ROC_3": 0.006171833258122206,
  "STD_20": 0.004697607830166817,
  "Highest_3": 0.004923126194626093,
  "Price_vs_MA20": 0.004950698930770159,
  "Price_vs_MA50": 0.004767253994941711,
  "Price_vs_MA100": 0.004400954116135836,
  "Price_vs_MA200": 0.004376219119876623,
  "HighLow_Position_52d": 0.00443023769184947,
  "HighLow_Position_200d": 0.004380983766168356,
  "MA_Cross_3_25_Signal": 0.004855295643210411,
  "MA_Trend_Signal": 0.0037918747402727604,
  "EMA_Cross_5_20_Signal": 0.005122424103319645,
  "EMA_Cross_6_24_Signal": 0.005443206522613764,
  "Jungjin_Signal": 0.009033421985805035,
  "MACD_Zero_Cross_Signal": 0.004910188261419535,
  "Bad_Market3_Signal": 0.005385391414165497,
  "RSI_Reversal_Signal": 0.004757762420922518,
  "Williams_CCI_Signal": 0.005466665141284466,
  "CCI_Oversold_Signal": 0.0048937504179775715,
  "Stoch_RSI_Combo_Signal": 0.005507881287485361,
  "Stoch_10_72_Signal": 0.007995951920747757,
  "Stoch_71_31_Signal": 0.009971442632377148,
  "Candlestick_Signal": 0.005983015056699514,
  "Formula3_Signal": 0.00697855232283473,
  "Shadow_Analysis_Signal": 0.005021858029067516,
  "Pivot": 0.005228574387729168,
  "MFI_Strategy_Signal": 0.005088681820780039,
  "MFI_25_50_Signal": 0.0047560157254338264,
  "MFI_Extreme_Signal": 0.0041419523768126965,
  "Momentum_Signal": 0.00445284228771925,
  "Price_ROC_3_Signal": 0.004956765100359917,
  "Composite_Signal_Avg": 0.00437197694554925,
  "Final_Composite_Signal": 0.00493762269616127,
  "Price_Momentum_10": 0.004428364802151918,
  "Price_Momentum_20": 0.004467641469091177,
  "Volatility_Ratio": 0.0042652892880141735,
  "Support_Level": 0.004841231741011143,
  "Resistance_Level": 0.0044479332864284515,
  "Price_Position": 0.004533389117568731,
  "Technical_Score": 0.004412797279655933,
  "Enhanced_Technical_Score": 0.004341249354183674,
  "MA_13_ratio": 0.00509157869964838,
  "MA_100_ratio": 0.004408885724842548,
  "MA_200_ratio": 0.0044501288793981075,
  "MA_Cross_3_25_Signal_ratio": 0.004225193057209253,
  "Volume_normalized": 0.004048357717692852,
  "Volume_log_ratio": 0.0041694133542478085,
  "RSI_4_overbought": 0.003837871365249157,
  "RSI_4_oversold": 0.004283837974071503,
  "RSI_5_overbought": 0.004179405514150858,
  "RSI_5_oversold": 0.004149983637034893,
  "RSI_6_overbought": 0.0037275836803019047,
  "RSI_6_oversold": 0.004560056142508984,
  "RSI_7_overbought": 0.003799837315455079,
  "RSI_7_oversold": 0.003567582229152322,
  "RSI_12_overbought": 0.0037222306709736586,
  "RSI_12_oversold": 0.0037288249004632235,
  "RSI_14_overbought": 0.0035963018890470266,
  "RSI_14_oversold": 0.004573895130306482,
  "RSI_20_overbought": 0.004668561741709709,
  "RSI_20_oversold": 0.004385075066238642,
  "RSI_21_overbought": 0.004378654062747955,
  "RSI_21_oversold": 0.003813731949776411,
  "RSI_Reversal_Signal_overbought": 0.0,
  "RSI_Reversal_Signal_normalized": 0.004332659300416708,
  "RSI_Extreme_Signal_normalized": 0.005378522910177708,
  "RSI_Reverse_Signal_normalized": 0.004927900154143572,
  "RSI_20_75_Signal_normalized": 0.005126304924488068,
  "RSI_22_78_Signal_normalized": 0.004690487869083881,
  "RSI_30_65_Signal_normalized": 0.0048472085036337376,
  "RSI_12_50_Signal_normalized": 0.004844976589083672,
  "RSI_Divergence_normalized": 0.004288081545382738,
  "MACD_above_signal": 0.004933529067784548,
  "MACD_10_20_above_signal": 0.003709065495058894,
  "MACD_15_26_above_signal": 0.0035539555829018354,
  "MACD_5_27_above_signal": 0.0034715202637016773,
  "Stoch_1_K_above_D": 0.005138174165040255,
  "Stoch_1_overbought": 0.004458944778889418,
  "Stoch_1_oversold": 0.0061307367868721485,
  "Stoch_3_K_above_D": 0.007409360725432634,
  "Stoch_3_overbought": 0.003980768378823996,
  "Stoch_3_oversold": 0.00449720211327076,
  "Stoch_4_K_above_D": 0.010222992859780788,
  "Stoch_4_overbought": 0.004074597731232643,
  "Stoch_4_oversold": 0.0068697198294103146,
  "Stoch_5_K_above_D": 0.010327265597879887,
  "Stoch_5_overbought": 0.00387375196442008,
  "Stoch_5_oversold": 0.003873578505590558,
  "Stoch_6_K_above_D": 0.021015189588069916,
  "Stoch_6_overbought": 0.0041204895824193954,
  "Stoch_6_oversold": 0.004994725342839956,
  "Stoch_14_K_above_D": 0.014210673980414867,
  "Stoch_14_overbought": 0.003988508600741625,
  "Stoch_14_oversold": 0.004377014935016632,
  "Williams_R_1_overbought": 0.012086790055036545,
  "Williams_R_1_oversold": 0.007054192945361137,
  "Williams_R_8_overbought": 0.0041074189357459545,
  "Williams_R_8_oversold": 0.004666639491915703,
  "Williams_R_10_overbought": 0.0049761757254600525,
  "Williams_R_10_oversold": 0.004873284138739109,
  "Williams_R_14_overbought": 0.003972063772380352,
  "Williams_R_14_oversold": 0.004267530515789986,
  "CCI_3_overbought": 0.004230395890772343,
  "CCI_3_oversold": 0.004029617179185152,
  "CCI_4_overbought": 0.009201626293361187,
  "CCI_4_oversold": 0.006764268968254328,
  "CCI_10_overbought": 0.00423263106495142,
  "CCI_10_oversold": 0.004157614428550005,
  "CCI_17_overbought": 0.004501634277403355,
  "CCI_17_oversold": 0.0039739059284329414,
  "CCI_20_overbought": 0.0037292037159204483,
  "CCI_20_oversold": 0.004562771879136562,
  "realized_volatility_5": 0.005974230356514454,
  "high_volatility_regime": 0.009194447658956051,
  "trend_strength": 0.0042183892801404,
  "strong_uptrend": 0.003605736419558525,
  "strong_downtrend": 0.0035871402360498905,
  "year": 0.004590152762830257,
  "month": 0.0045455326326191425,
  "day_of_week": 0.004585010465234518,