{
  "Train": {
    "accuracy": 0.869675958200002,
    "f1_macro": 0.7888977332443604,
    "f1_weighted": 0.881517869558107,
    "roc_auc": 0.9808424037488406
  },
  "Test": {
    "accuracy": 0.7320358416032373,
    "f1_macro": 0.44024379066897196,
    "f1_weighted": 0.7415979655375714,
    "roc_auc": 0.6664350303597505
  },
  "CV_F1_Score": 0.43605058634660504,
  "CV_vs_Test_Gap": 0.004193204322366917,
  "Train_F1_Macro": 0.7888977332443604,
  "Test_F1_Macro": 0.44024379066897196,
  "Overfitting_Gap": 0.34865394257538845
}