{
  "MA_2": 0.004503502976149321,
  "MA_4": 0.004084677901118994,
  "MA_6": 0.004302792251110077,
  "MA_8": 0.004561613313853741,
  "MA_13": 0.004419638309627771,
  "MA_16": 0.003974422812461853,
  "MA_20": 0.004321954678744078,
  "MA_25": 0.00446707010269165,
  "MA_29": 0.0045060040429234505,
  "MA_60": 0.004422849975526333,
  "MA_100": 0.004626423120498657,
  "MA_120": 0.004554385785013437,
  "MA_200": 0.004260611720383167,
  "EMA_3": 0.004779433365911245,
  "EMA_4": 0.0052346400916576385,
  "EMA_5": 0.005195633042603731,
  "EMA_6": 0.004389538429677486,
  "EMA_7": 0.00453861802816391,
  "EMA_10": 0.004779429640620947,
  "EMA_12": 0.005389985162764788,
  "EMA_20": 0.004391069989651442,
  "EMA_24": 0.004270168952643871,
  "EMA_50": 0.004517762456089258,
  "MACD": 0.004392606671899557,
  "MACD_10_20": 0.004419032484292984,
  "MACD_10_20_Signal": 0.004487082362174988,
  "MACD_15_26_Signal": 0.004561898298561573,
  "MACD_5_27": 0.0045806472189724445,
  "MACD_5_27_Signal": 0.0039754281751811504,
  "RSI_6": 0.004502751864492893,
  "RSI_7": 0.004703765269368887,
  "RSI_12": 0.004515472333878279,
  "RSI_14": 0.004510992206633091,
  "BB_Middle_20": 0.004443814046680927,
  "BB_Position_20": 0.005138946697115898,
  "Return_30d": 0.004769060295075178,
  "Return_180d": 0.004617946222424507,
  "Return_365d": 0.004837663844227791,
  "Cumulative_Return": 0.004377088975161314,
  "Volatility_7d": 0.006696596741676331,
  "Volatility_14d": 0.006127052009105682,
  "Volatility_30d": 0.00517600541934371,
  "Volatility_90d": 0.004644810687750578,
  "Volume_MA_7": 0.004388649947941303,
  "Volume_MA_50": 0.004373600706458092,
  "Volume_Ratio": 0.004527324344962835,
  "Volume_Price_Trend": 0.0042489138431847095,
  "ATR_Percent_14": 0.005198804195970297,
  "Stoch_D_1": 0.0045736790634691715,
  "Stoch_K_3": 0.007525404449552298,
  "Stoch_D_4": 0.004551168996840715,
  "Stoch_K_5": 0.005198164843022823,
  "Stoch_D_5": 0.004409071523696184,
  "Williams_R_8": 0.004768067505210638,
  "CCI_3": 0.0065024858340620995,
  "CCI_10": 0.005399142391979694,
  "CCI_17": 0.004653479438275099,
  "CCI_20": 0.004418051801621914,
  "MFI_11": 0.004220355302095413,
  "MFI_14": 0.004185349214822054,
  "OSCP_11_36": 0.004764739889651537,
  "OSCP_18_19": 0.0045348769053816795,
  "OSCP_19_20": 0.004642097745090723,
  "TR": 0.004376404918730259,
  "DM_Plus": 0.004456409253180027,
  "DM_Minus": 0.004674903582781553,
  "DI_Plus_21": 0.004100717604160309,
  "DI_Minus_21": 0.0045675854198634624,
  "Price_ROC_3": 0.00581545103341341,
  "STD_20": 0.004358052741736174,
  "Highest_3": 0.00442211888730526,
  "Price_vs_MA20": 0.005348640494048595,
  "Price_vs_MA50": 0.004756494425237179,
  "Price_vs_MA100": 0.004761493299156427,
  "Price_vs_MA200": 0.004660887643694878,
  "HighLow_Position_52d": 0.004454765003174543,
  "HighLow_Position_200d": 0.004563133232295513,
  "MA_Cross_3_25_Signal": 0.0043599712662398815,
  "MA_Trend_Signal": 0.005023620557039976,
  "EMA_Cross_5_20_Signal": 0.00416379002854228,
  "EMA_Cross_6_24_Signal": 0.004565435461699963,
  "Jungjin_Signal": 0.004921961575746536,
  "MACD_Zero_Cross_Signal": 0.005413993261754513,
  "Bad_Market3_Signal": 0.003477223915979266,
  "RSI_Reversal_Signal": 0.0045314389280974865,
  "Williams_CCI_Signal": 0.0034826230257749557,
  "CCI_Oversold_Signal": 0.004425912629812956,
  "Stoch_RSI_Combo_Signal": 0.004787029232829809,
  "Stoch_10_72_Signal": 0.004836990963667631,
  "Stoch_71_31_Signal": 0.006137563847005367,
  "Candlestick_Signal": 0.004739352967590094,
  "Formula3_Signal": 0.009866966865956783,
  "Shadow_Analysis_Signal": 0.004658115096390247,
  "Pivot": 0.004399580415338278,
  "MFI_Strategy_Signal": 0.004117817152291536,
  "MFI_25_50_Signal": 0.0036172298714518547,
  "MFI_Extreme_Signal": 0.005048093851655722,
  "Momentum_Signal": 0.006996989715844393,
  "Price_ROC_3_Signal": 0.004234759137034416,
  "Composite_Signal_Avg": 0.004303751513361931,
  "Final_Composite_Signal": 0.004545398056507111,
  "Price_Momentum_10": 0.004882974084466696,
  "Price_Momentum_20": 0.004469851963222027,
  "Volatility_Ratio": 0.004667304921895266,
  "Support_Level": 0.004882218781858683,
  "Resistance_Level": 0.0044633508659899235,
  "Price_Position": 0.004581750836223364,
  "Technical_Score": 0.004286493174731731,
  "Enhanced_Technical_Score": 0.004197840578854084,
  "MA_13_ratio": 0.005835781805217266,
  "MA_100_ratio": 0.005044540856033564,
  "MA_200_ratio": 0.004815853200852871,
  "MA_Cross_3_25_Signal_ratio": 0.004254857078194618,
  "Volume_normalized": 0.004525988362729549,
  "Volume_log_ratio": 0.00460338918492198,
  "RSI_4_overbought": 0.004248852841556072,
  "RSI_4_oversold": 0.004495386499911547,
  "RSI_5_overbought": 0.00534453010186553,
  "RSI_5_oversold": 0.004505007062107325,
  "RSI_6_overbought": 0.0038015672471374273,
  "RSI_6_oversold": 0.004598955623805523,
  "RSI_7_overbought": 0.0033100235741585493,
  "RSI_7_oversold": 0.004159069154411554,
  "RSI_12_overbought": 0.0037525645457208157,
  "RSI_12_oversold": 0.003623837372288108,
  "RSI_14_overbought": 0.0036051301285624504,
  "RSI_14_oversold": 0.004343319218605757,
  "RSI_20_overbought": 0.004233560990542173,
  "RSI_20_oversold": 0.004618491046130657,
  "RSI_21_overbought": 0.004000156652182341,
  "RSI_21_oversold": 0.004776206333190203,
  "RSI_Reversal_Signal_overbought": 0.0,
  "RSI_Reversal_Signal_normalized": 0.004397205542773008,
  "RSI_Extreme_Signal_normalized": 0.004096022341400385,
  "RSI_Reverse_Signal_normalized": 0.004483414813876152,
  "RSI_20_75_Signal_normalized": 0.0056341118179261684,
  "RSI_22_78_Signal_normalized": 0.004556288477033377,
  "RSI_30_65_Signal_normalized": 0.005090104881674051,
  "RSI_12_50_Signal_normalized": 0.004254648927599192,
  "RSI_Divergence_normalized": 0.004719995893537998,
  "MACD_above_signal": 0.004279646556824446,
  "MACD_10_20_above_signal": 0.003443988272920251,
  "MACD_15_26_above_signal": 0.003422465641051531,
  "MACD_5_27_above_signal": 0.0027664138469845057,
  "Stoch_1_K_above_D": 0.009855188429355621,
  "Stoch_1_overbought": 0.0044313580729067326,
  "Stoch_1_oversold": 0.005935504101216793,
  "Stoch_3_K_above_D": 0.007564418017864227,
  "Stoch_3_overbought": 0.0034308182075619698,
  "Stoch_3_oversold": 0.004731082823127508,
  "Stoch_4_K_above_D": 0.009837797842919827,
  "Stoch_4_overbought": 0.004430896136909723,
  "Stoch_4_oversold": 0.00493598822504282,
  "Stoch_5_K_above_D": 0.00486772833392024,
  "Stoch_5_overbought": 0.006306597962975502,
  "Stoch_5_oversold": 0.0042823487892746925,
  "Stoch_6_K_above_D": 0.016954880207777023,
  "Stoch_6_overbought": 0.004518665373325348,
  "Stoch_6_oversold": 0.004436447750777006,
  "Stoch_14_K_above_D": 0.04660000279545784,
  "Stoch_14_overbought": 0.003669822122901678,
  "Stoch_14_oversold": 0.0060036759823560715,
  "Williams_R_1_overbought": 0.004922105465084314,
  "Williams_R_1_oversold": 0.006023366004228592,
  "Williams_R_8_overbought": 0.003942511975765228,
  "Williams_R_8_oversold": 0.004274189006537199,
  "Williams_R_10_overbought": 0.004772075917571783,
  "Williams_R_10_oversold": 0.004108683206140995,
  "Williams_R_14_overbought": 0.004818615037947893,
  "Williams_R_14_oversold": 0.004308152943849564,
  "CCI_3_overbought": 0.004179742187261581,
  "CCI_3_oversold": 0.0034808043856173754,
  "CCI_4_overbought": 0.010537282563745975,
  "CCI_4_oversold": 0.0061023300513625145,
  "CCI_10_overbought": 0.0038178025279194117,
  "CCI_10_oversold": 0.0034814071841537952,
  "CCI_17_overbought": 0.002846724586561322,
  "CCI_17_oversold": 0.003949187230318785,
  "CCI_20_overbought": 0.0026687122881412506,
  "CCI_20_oversold": 0.006060019135475159,
  "realized_volatility_5": 0.005973481107503176,
  "high_volatility_regime": 0.008819797076284885,
  "trend_strength": 0.004604646470397711,
  "strong_uptrend": 0.0048377723433077335,
  "strong_downtrend": 0.005271627102047205,
  "year": 0.007674959488213062,
  "month": 0.006198765244334936,
  "day_of_week": 0.0067532965913414955,
  "is_month_start": 0.007231647614389658,