{
  "Train": {
    "accuracy": 0.9274685891692539,
    "f1_macro": 0.850777286931268,
    "f1_weighted": 0.9332091750116001,
    "roc_auc": 0.9959845777970995
  },
  "Test": {
    "accuracy": 0.7348131530786941,
    "f1_macro": 0.39437812303403924,
    "f1_weighted": 0.7406583506296569,
    "roc_auc": 0.6058902956372609
  },
  "CV_F1_Score": 0.480325628951528,
  "CV_vs_Test_Gap": 0.08594750591748879,
  "Train_F1_Macro": 0.850777286931268,
  "Test_F1_Macro": 0.39437812303403924,
  "Overfitting_Gap": 0.45639916389722873
}